"","exposure","outcome","Method","Estimate","Std Error","95% CI "," ","P-value","GI","N_snps"
"1","Alcohol","Alanine Aminotransferase","Weighted median",-0.0207810564684552,0.00592755558240834,-0.0323988519263349,-0.00916326101057552,0.000455170187762681,"all",88
"2","Alcohol","Alanine Aminotransferase","Weighted median",-0.0207810564684552,0.00592755558240834,-0.0323988519263349,-0.00916326101057552,0.000455170187762681,"Steiger Filtered",88
"3","Alcohol","Alanine Aminotransferase","Weighted median",-0.022168498854936,0.00604558013956137,-0.0340176181941269,-0.0103193795157451,0.000245514934159958,"PheWAS T-test Filtered",72
"4","Alcohol","Alanine Aminotransferase","Weighted median",-0.0225427082135303,0.00682654864002299,-0.0359224976866862,-0.00916291874037435,0.000959256706921488,"PheWAS PVE Filtered",67
"5","Alcohol","Alanine Aminotransferase","Weighted median",-0.0345366876504893,0.00750261646381309,-0.0492415457093802,-0.0198318295915984,4.15876948557841e-06,"Core GI",52
