"","exposure","outcome","Method","Estimate","Std Error","95% CI "," ","P-value","GI","N_snps"
"1","Oily Fish","Triglycerides","Weighted median",-0.115525202064622,0.0242369326361241,-0.163028717127149,-0.0680216870020958,1.8745899994121e-06,"all",75
"2","Oily Fish","Triglycerides","Weighted median",-0.115525202064622,0.0242369326361241,-0.163028717127149,-0.0680216870020958,1.8745899994121e-06,"Steiger Filtered",75
"3","Oily Fish","Triglycerides","Weighted median",-0.134601675432457,0.0245750184179105,-0.18276782645097,-0.0864355244139438,4.3216987017242e-08,"PheWAS T-test Filtered",59
"4","Oily Fish","Triglycerides","Weighted median",-0.134601675432457,0.0245750184179105,-0.18276782645097,-0.0864355244139438,4.3216987017242e-08,"PheWAS T-test Filtered - Sensitivity",59
"5","Oily Fish","Triglycerides","Weighted median",-0.127012931748644,0.03520442122582,-0.196012329447828,-0.0580135340494592,0.000308722567861966,"PheWAS PVE Filtered",47
"6","Oily Fish","Triglycerides","Weighted median",-0.114494161234148,0.0352071377266838,-0.183498883177189,-0.0454894392911061,0.00114589731084094,"PheWAS PVE Filtered - Sensitivity",46
"7","Oily Fish","Triglycerides","Weighted median",-0.183744751245499,0.0363106458003159,-0.254912309269508,-0.112577193221489,4.18477008931255e-07,"Core GI",31
